User,Subreddit,Occurrences
AutoModerator,OnePiece,558
AutoModerator,Naruto,1
AutoModerator,ShingekiNoKyojin,3
AutoModerator,HunterXHunter,3
AutoModerator,SpyxFamily,504
Mawnix,OnePiece,2
Mawnix,Berserk,2
Su_Impact,OnePiece,4
Su_Impact,BokuNoHeroAcademia,1
Starob,OnePiece,1
Starob,dbz,2
icantplaynomore,OnePiece,10
icantplaynomore,Berserk,2
Soul699,OnePiece,1
Soul699,OnePunchMan,1
Soul699,BokuNoHeroAcademia,1
deleted user,OnePiece,11
deleted user,Naruto,6
deleted user,dbz,3
deleted user,OnePunchMan,6
deleted user,ShingekiNoKyojin,14
deleted user,JuJutsuKaisen,1
deleted user,HunterXHunter,1
deleted user,Berserk,17
deleted user,sololeveling,1
deleted user,bleach,19
deleted user,SpyxFamily,1
Force3vo,OnePiece,2
Force3vo,ShingekiNoKyojin,1
Over-Writer6076,OnePiece,1
Over-Writer6076,Naruto,10
RubyHoshi,OnePiece,5
RubyHoshi,BokuNoHeroAcademia,1
RogueHippie,OnePiece,2
RogueHippie,bleach,1
Due-Ad9310,OnePiece,1
Due-Ad9310,sololeveling,2
DarkSoulFWT,OnePiece,1
DarkSoulFWT,Naruto,1
Imfryinghere,OnePiece,3
Imfryinghere,JuJutsuKaisen,4
pjjiveturkey,OnePiece,3
pjjiveturkey,JuJutsuKaisen,2
Attila_D_Max,OnePiece,3
Attila_D_Max,Berserk,1
FirstSineOfMadness,OnePiece,1
FirstSineOfMadness,sololeveling,2
Brook420,OnePiece,1
Brook420,Naruto,14
Brook420,HunterXHunter,1
Brook420,sololeveling,2
Left_Solution3509,OnePiece,1
Left_Solution3509,BlackClover,5
Rafoudrsbois,OnePiece,1
Rafoudrsbois,BokuNoHeroAcademia,4
Rafoudrsbois,Berserk,1
somersault_dolphin,OnePiece,2
somersault_dolphin,ChainsawMan,1
ch3333r,OnePiece,1
ch3333r,ChainsawMan,1
Andrejosue98,OnePiece,16
Andrejosue98,Naruto,2
alanalan426,OnePiece,1
alanalan426,sololeveling,2
D-Biggest_Wheel,OnePiece,207
D-Biggest_Wheel,Berserk,7
D-Biggest_Wheel,bleach,6
jbahill75,Naruto,1
jbahill75,OnePunchMan,2
Alchion,Naruto,1
Alchion,dbz,1
ValentDs22,Naruto,6
ValentDs22,dbz,4
Za_wardo,Naruto,1
Za_wardo,BokuNoHeroAcademia,284
Ellek10,Naruto,2
Ellek10,dbz,2
Professor_Crab,Naruto,3
Professor_Crab,dbz,5
mlc885,Naruto,4
mlc885,dbz,1
jwhudexnls,Naruto,2
jwhudexnls,dbz,1
Gisrupted,Naruto,2
Gisrupted,OnePunchMan,1
ThePr0l0gue,Naruto,5
ThePr0l0gue,JuJutsuKaisen,1
ThePr0l0gue,bleach,1
Ebenezerosas16,Naruto,5
Ebenezerosas16,SpyxFamily,2
SuperDeeDuperVegeta,Naruto,1
SuperDeeDuperVegeta,JuJutsuKaisen,2
A_random_Human1,Naruto,1
A_random_Human1,BlackClover,1
ILoveYorihime,Naruto,3
ILoveYorihime,JuJutsuKaisen,1
WarSamaYT,Naruto,2
WarSamaYT,ShingekiNoKyojin,2
Character_Nosense,Naruto,13
Character_Nosense,bleach,1
Le_mehawk,Naruto,4
Le_mehawk,dbz,2
Tiloshikiotsutsuki,Naruto,2
Tiloshikiotsutsuki,ShingekiNoKyojin,1
Yergason,Naruto,1
Yergason,JuJutsuKaisen,1
AlphaMasterSage,Naruto,1
AlphaMasterSage,deathnote,1
PrincessHyuga17,Naruto,72
PrincessHyuga17,bleach,3
That_Relationship808,Naruto,3
That_Relationship808,JuJutsuKaisen,13
heimdall5566,Naruto,5
heimdall5566,JuJutsuKaisen,2
heimdall5566,bleach,1
ItsNorthGaming,Naruto,1
ItsNorthGaming,sololeveling,2
togashisbackpain,Naruto,1
togashisbackpain,HunterXHunter,1
DaTreeKilla,Naruto,4
DaTreeKilla,JuJutsuKaisen,1
Regular-Bite-7553,Naruto,5
Regular-Bite-7553,JuJutsuKaisen,1
KlingoftheCastle,dbz,4
KlingoftheCastle,OnePunchMan,1
AhTreyYou,dbz,1
AhTreyYou,JuJutsuKaisen,1
yohxmv,dbz,1
yohxmv,JuJutsuKaisen,1
Rioraku,dbz,1
Rioraku,BokuNoHeroAcademia,2
Beeyo176,dbz,1
Beeyo176,Berserk,2
Doobie_Howitzer,dbz,1
Doobie_Howitzer,BokuNoHeroAcademia,5
mg10pp,dbz,1
mg10pp,ShingekiNoKyojin,1
GoldenSpermShower,OnePunchMan,6
GoldenSpermShower,BokuNoHeroAcademia,5
RemindMeBot,OnePunchMan,1
RemindMeBot,BokuNoHeroAcademia,1
RemindMeBot,ChainsawMan,1
nicokokun,OnePunchMan,1
nicokokun,sololeveling,1
Funny-Obligation1989,OnePunchMan,1
Funny-Obligation1989,BokuNoHeroAcademia,1
Diego-Aguilar35,OnePunchMan,2
Diego-Aguilar35,SpyxFamily,1
Diego-Aguilar35,ChainsawMan,1
Salt_External1377,OnePunchMan,108
Salt_External1377,JuJutsuKaisen,8
PlasterCheif,OnePunchMan,1
PlasterCheif,HunterXHunter,2
Lox22,OnePunchMan,1
Lox22,JuJutsuKaisen,170
DeadSnark,ShingekiNoKyojin,1
DeadSnark,JuJutsuKaisen,1
Sad_Net_1396,ShingekiNoKyojin,7
Sad_Net_1396,ChainsawMan,1
Internal-Flamingo455,ShingekiNoKyojin,3
Internal-Flamingo455,JuJutsuKaisen,2
SennKazuki,ShingekiNoKyojin,1
SennKazuki,sololeveling,1
siamkor,ShingekiNoKyojin,1
siamkor,JuJutsuKaisen,1
KenanTheFab,ShingekiNoKyojin,1
KenanTheFab,JuJutsuKaisen,5
MerryZap,ShingekiNoKyojin,1
MerryZap,Berserk,1
derp_y_,ShingekiNoKyojin,1
derp_y_,ChainsawMan,1
ConsciousConcoction,ShingekiNoKyojin,1
ConsciousConcoction,JuJutsuKaisen,2
tokyogodfather2,JuJutsuKaisen,3
tokyogodfather2,BokuNoHeroAcademia,3
Kurigohan233333,JuJutsuKaisen,1
Kurigohan233333,bleach,1
Worthyness,JuJutsuKaisen,1
Worthyness,SpyxFamily,1
ApplePitou,JuJutsuKaisen,5
ApplePitou,HunterXHunter,5
ApplePitou,BlackClover,1
TheFlyingToasterr,JuJutsuKaisen,5
TheFlyingToasterr,HunterXHunter,5
Berawholoves42069,JuJutsuKaisen,3
Berawholoves42069,bleach,1
SubstantialCup3270,JuJutsuKaisen,1
SubstantialCup3270,BlackClover,1
ouyon,JuJutsuKaisen,3
ouyon,sololeveling,1
_Resnad_,JuJutsuKaisen,8
_Resnad_,sololeveling,2
Delusional_Gamer,JuJutsuKaisen,1
Delusional_Gamer,Berserk,1
Spiderman-y2099,JuJutsuKaisen,1
Spiderman-y2099,SpyxFamily,78
AgentP20,JuJutsuKaisen,1
AgentP20,BokuNoHeroAcademia,1
AgentP20,sololeveling,3
Cyberxton,JuJutsuKaisen,1
Cyberxton,Berserk,1
DegreeMajor5966,JuJutsuKaisen,1
DegreeMajor5966,HunterXHunter,2
noex1337,JuJutsuKaisen,1
noex1337,BokuNoHeroAcademia,1
RandomGooseBoi,JuJutsuKaisen,1
RandomGooseBoi,sololeveling,1
Lakshay2909,JuJutsuKaisen,1
Lakshay2909,sololeveling,4
Arrbe,JuJutsuKaisen,1
Arrbe,ChainsawMan,1
Shadow_Huntress12,JuJutsuKaisen,1
Shadow_Huntress12,SpyxFamily,1
Fearshatter,JuJutsuKaisen,1
Fearshatter,BokuNoHeroAcademia,5
Berrydumplings,JuJutsuKaisen,1
Berrydumplings,BlackClover,1
UnbiasedGod,BokuNoHeroAcademia,13
UnbiasedGod,BlackClover,4
Sudden_Pop_2279,BokuNoHeroAcademia,42
Sudden_Pop_2279,deathnote,44
Lilymoon2653,BokuNoHeroAcademia,8
Lilymoon2653,SpyxFamily,1
Money-Lie7814,BokuNoHeroAcademia,61
Money-Lie7814,BlackClover,14
Money-Lie7814,SpyxFamily,14
Useful-Tumbleweed-22,BokuNoHeroAcademia,17
Useful-Tumbleweed-22,HunterXHunter,1
soulreapermagnum,BokuNoHeroAcademia,2
soulreapermagnum,bleach,6
Left-Philosopher-248,HunterXHunter,19
Left-Philosopher-248,bleach,14
Left-Philosopher-248,BlackClover,150
Pr_fSm__th,HunterXHunter,1
Pr_fSm__th,bleach,1
hinafu,Berserk,1
hinafu,SpyxFamily,1
PitchOutrageous1563,Berserk,1
PitchOutrageous1563,bleach,1
SartieeSquared,Berserk,1
SartieeSquared,sololeveling,1
Jaegerjaquez_VI,sololeveling,1
Jaegerjaquez_VI,bleach,1
AGamingGuy,sololeveling,2
AGamingGuy,ChainsawMan,1
IC2Flier,SpyxFamily,2
IC2Flier,ChainsawMan,1
